Organization,Phone number
2,218-751-1943
6,763-514-5127
52,430-583-4924
32,838-362-7822
40,319-342-6698
20,625-489-0288
18,884-495-7621
1,631-721-5935
33,967-980-4348
29,801-107-9811
58,296-421-3189
26,860-371-5354
36,764-647-6642
60,122-681-6693
18,975-694-8439
1,803-635-0336
16,440-492-4833
2,844-294-2296
42,562-766-7370
16,292-566-5494
44,324-489-6081
19,497-643-1646
27,944-829-8365
54,651-724-0520
7,674-249-4721
33,908-625-2100
21,935-933-3530
23,433-185-0741
33,869-445-7504
19,387-586-1659
7,511-304-4174
32,976-412-4934
9,930-191-1277
43,804-395-6739
44,832-884-2932
45,596-375-4695
29,152-285-3906
11,499-614-6565
3,390-379-6334
45,696-518-6906
60,972-146-6074
28,903-383-3336
22,783-222-4189
47,721-804-0727
43,493-352-2782
24,235-618-2833
41,808-120-8908
39,592-422-1260
35,171-410-3916
24,828-823-4516
19,209-543-8574
35,896-836-7875
4,159-652-0911
8,566-712-9293
39,581-654-8577
58,215-202-1049
37,861-447-0093
58,116-813-5905
53,288-586-3496
55,175-361-1735
39,284-870-1793
19,748-245-4841
60,315-803-9461
60,214-519-5554
19,643-775-2919
55,946-499-4521
32,156-635-0966
44,126-899-0455
24,863-577-0389
2,849-800-4647
42,347-546-0271
6,751-365-6841
21,289-724-1481
24,988-985-6020
1,127-838-1919
40,575-754-6739
58,724-935-7051
58,726-426-0994
35,135-826-9100
32,684-409-8205
18,149-587-9621
45,880-901-6073
39,267-632-3135
43,505-789-7662
2,288-884-0476
4,513-112-1564
37,669-264-3504
28,110-241-1495
53,135-161-8429
58,247-222-5078
27,152-956-4114
33,627-738-6176
43,503-897-0780
36,877-623-9676
16,264-551-3314
33,786-894-3587
1,219-972-2383
47,113-536-3680
8,492-331-6264
3,746-120-8041
16,630-817-7854
41,527-665-0929
9,182-646-4249
26,244-942-9083
29,262-112-3653
44,905-588-2318
11,568-811-5609
29,849-673-9114
52,403-687-4396
7,812-916-3382
18,833-364-9396
23,821-990-7852
45,797-215-5544
19,137-191-8291
22,411-425-7841
35,900-794-6095
7,794-785-6316
33,458-201-3918
20,532-632-6446
54,520-600-5489
44,303-506-9624
11,262-134-8985
2,185-455-9019
19,677-460-6478
18,402-926-9122
53,197-691-9980
47,453-656-6954
29,507-451-6497
32,297-350-8432
36,841-811-3362
22,261-753-9601
39,222-194-5471
16,654-224-5053
37,514-417-9040
28,778-620-4546
33,949-431-8765
24,530-216-5927
60,262-914-3966
8,408-309-4443
35,431-515-6517
32,335-487-4745
45,393-532-3922
42,765-177-5352
45,534-976-9445
7,399-617-4301
58,522-959-9793
23,250-206-3798
1,992-697-2159
60,338-843-4508
19,207-475-3704
44,910-525-0160
6,657-367-1375
43,254-375-0706
35,151-234-0272
33,215-647-2667
33,654-599-2372
20,533-779-2735
29,604-381-4715
43,422-683-4562
55,118-562-7650
3,292-294-7488
9,149-952-1680
21,901-409-4463
19,149-226-2535
16,678-666-9622
7,775-617-8476
18,931-405-5621
52,372-283-3386
58,764-952-1617
41,451-109-8454
27,436-531-1356
26,831-167-7977
4,321-107-8909
58,510-859-6575
1,837-295-2203
24,216-965-3736
54,834-744-4507
2,624-131-6942
39,732-255-9234
40,852-980-0745
39,593-415-2483
28,868-864-7971
58,231-759-4035
32,362-817-3071
33,624-689-0422
16,648-416-1842
7,687-750-0260
52,201-978-9835
20,593-865-1174
2,277-347-5311
1,795-216-1203
22,117-742-8724
32,681-350-6262
54,925-293-5114
35,218-772-1857
53,507-879-1695
41,733-980-3882
27,248-188-5048
35,270-684-8843
40,635-291-5856
16,295-166-5485
58,262-217-8217
8,386-496-3986
43,748-168-8219
39,933-538-3154
19,317-633-6052
18,533-719-6945
29,730-683-2910
42,194-578-5200
7,790-212-3186
60,932-277-9529
9,102-766-5173
44,613-196-7449
21,971-364-0898
6,958-685-1037
3,500-292-1960
24,157-471-7661
37,273-664-9203
33,679-106-5816
2,361-939-3997
18,604-706-3402
24,402-352-6914
23,370-913-7692
60,966-710-8814
45,819-730-3767
19,124-126-6115
43,141-327-0122
36,997-492-9359
44,257-637-7707
58,136-163-8858
11,788-719-6222
55,399-368-1843
33,143-975-8946
1,105-155-8672
47,609-450-1198
26,443-127-6346
19,150-937-6970
29,127-932-7842
45,251-931-5406
4,683-792-5357
37,850-712-6699
52,997-393-7132
18,442-481-4248
55,978-839-8639
1,781-620-0872
4,402-377-9976
33,126-740-1578
41,891-318-5958
24,504-146-9654
43,817-433-2520
29,232-497-2781
54,979-698-1408
35,733-492-7675
43,265-652-7351
36,878-283-1337
39,427-761-6931
53,604-750-0600
58,812-342-2239
6,423-445-5552
19,202-792-8415
40,461-538-7201
42,886-677-2637
29,338-740-6046
39,989-111-4360
7,535-388-6188
35,293-731-8258
16,537-395-7526
33,571-246-1520
1,831-250-0806
26,750-288-0527
3,226-575-1216
23,939-996-2782
32,297-312-3636
8,634-622-4960
2,620-143-9066
24,787-427-4056
16,487-596-6662
44,268-386-2932
45,651-231-0667
58,818-629-4595
22,872-853-8811
60,334-143-3929
60,719-141-9198
18,613-234-0416
28,145-769-6137
27,573-527-2987
45,938-133-1671
32,485-286-7092
7,894-468-4307
11,211-574-7010
2,154-467-4136
47,171-628-2590
19,212-288-0146
21,300-367-3227
20,105-993-3009
44,954-175-8455
9,639-316-0300
33,599-356-7576
58,404-250-7901
24,507-457-4601
33,990-534-7364
44,899-844-9060
39,222-788-8297
1,917-756-4708
20,988-554-3024
18,358-958-2398
2,231-257-0794
29,691-274-7234
24,276-534-4106
11,777-124-5162
19,361-670-6854
41,702-339-2466
53,475-555-7969
4,665-779-8898
35,236-656-1353
8,484-234-0612
2,938-718-2592
9,543-523-0342
29,359-102-3827
52,898-524-9509
16,375-191-2077
55,945-920-8930
18,167-615-7517
35,726-134-7954
47,236-165-1742
3,834-507-8162
19,213-915-8298
42,678-588-6594
60,258-226-1047
6,780-666-2650
33,660-409-6114
33,813-108-4259
23,161-469-0144
45,623-233-0865
22,426-356-9597
1,872-201-7201
32,907-262-7707
43,365-432-1954
54,478-327-4933
21,520-545-1371
43,916-966-5476
39,738-460-3404
45,634-514-8807
58,181-227-7776
40,257-178-8158
58,137-993-2192
19,736-994-1558
7,770-650-1715
60,989-914-0493
32,937-309-9699
36,976-105-8741
7,147-525-3805
37,593-756-0738
44,261-720-9901
27,676-933-1165
28,469-277-5146
58,506-495-8918
16,878-277-7390
26,999-311-9657
24,704-459-4698
19,405-414-5837
1,781-340-1066
35,240-751-3818
11,681-456-7691
2,815-141-0781
26,362-624-7683
39,991-774-3206
33,536-857-0262
18,272-589-0825
53,713-116-9685
44,329-718-0359
2,165-938-0179
28,434-504-4371
19,997-251-4561
27,531-910-5427
45,847-565-1282
24,354-696-2017
47,708-641-4864
36,571-175-0128
16,637-378-8823
60,258-607-8905
6,635-249-9608
32,446-504-8209
45,164-594-8068
43,248-472-2594
32,135-238-4382
9,272-991-2500
55,813-817-4666
33,393-901-2069
19,698-195-4050
41,471-235-8139
18,256-108-8601
54,582-594-0870
21,434-537-0104
60,573-428-9032
58,314-475-2979
52,924-638-9187
39,758-149-4368
43,431-495-4503
20,450-860-5516
7,874-646-5079
58,490-142-9113
44,132-689-8331
16,763-632-0572
58,550-824-3115
35,732-802-4284
8,136-594-4654
29,155-914-1405
23,273-294-5016
29,194-166-5966
7,570-725-4425
42,848-701-6487
1,481-888-5629
22,110-656-6764
33,111-299-5013
37,942-914-9899
40,856-151-5247
4,911-944-9853
3,668-638-5914
35,705-721-5294
43,421-305-9583
52,471-919-8136
39,100-175-6050
58,923-879-2493
44,734-937-2829
37,819-674-7134
33,314-662-6024
27,667-980-9100
60,810-672-5122
33,567-540-3327
33,303-888-1137
3,766-216-8763
47,515-915-8124
29,844-581-0895
2,269-683-9822
36,231-109-4828
7,896-142-0426
4,818-213-6977
11,555-288-6663
24,483-603-5111
19,758-317-2083
42,165-914-4090
45,452-846-9763
32,197-189-7044
22,268-751-1760
45,733-545-1949
35,779-802-1332
8,935-260-4271
1,923-329-1141
40,371-112-7525
2,814-127-8169
43,546-575-9024
58,766-313-1458
16,692-167-5644
18,772-683-9893
19,505-823-4840
7,255-396-4303
41,232-337-6573
9,259-374-9105
6,398-841-9591
21,155-777-1624
24,733-798-7050
60,407-428-5726
1,363-651-3583
44,822-989-0432
39,239-170-3758
32,612-493-7070
54,744-787-1635
19,225-460-8561
26,593-780-1353
20,454-366-4312
55,406-314-8276
18,950-822-5888
23,892-636-7755
16,725-894-1264
29,271-852-6631
58,637-616-0381
28,901-475-2689
53,771-728-6701
3,134-700-2856
43,986-919-6865
7,440-828-2659
18,203-976-7590
8,493-680-9103
7,555-860-6660
19,659-478-3975
33,896-957-3687
20,645-496-4543
53,549-694-2609
35,837-195-2485
1,827-162-2410
55,648-132-4112
58,204-425-6327
39,195-469-5802
40,847-658-7831
47,332-232-9362
23,714-648-8310
35,148-478-9617
60,554-204-9011
11,118-674-1142
41,118-691-1238
19,703-708-6740
54,970-196-5840
2,185-257-7032
36,475-562-8782
26,840-310-9022
39,979-697-0779
58,598-964-1678
43,940-662-7498
27,884-160-0922
16,171-178-4851
37,190-994-8387
16,372-741-0025
45,899-794-4029
32,123-438-3737
22,158-442-4405
28,396-427-5773
6,226-168-3964
29,730-509-4629
4,988-356-2202
1,974-366-3029
19,105-956-5015
42,940-331-6635
60,982-371-8423
44,692-487-5337
58,506-725-9535
9,441-442-2412
45,416-405-8950
32,436-629-7619
21,632-627-8708
52,645-132-1332
33,174-274-5243
24,815-758-8394
2,727-696-5617
29,148-414-8470
18,887-322-3109
44,383-713-6283
33,822-941-0600
24,980-723-8597
32,714-500-8409
58,235-916-8831
6,824-425-9085
44,285-754-4886
58,785-785-9492
60,882-188-1032
60,872-775-5562
29,677-719-2237
29,373-786-5603
41,236-721-8030
39,428-908-8781
33,257-581-9786
16,975-674-8163
32,796-340-2753
21,884-520-4033
18,212-173-6918
11,436-653-2434
2,787-730-7653
3,290-413-6723
39,700-338-5010
26,287-678-1227
33,117-889-6063
8,329-499-1385
2,124-715-6164
1,640-150-8167
20,393-910-2123
16,545-663-5205
42,726-782-6138
7,692-656-6583
52,656-867-3881
45,126-836-5820
23,846-939-4282
40,827-309-7915
43,506-186-8083
47,188-832-7105
37,869-885-6720
54,626-561-1183
45,165-415-5550
9,186-194-8726
19,621-651-2638
28,290-769-0665
27,615-968-6482
55,672-470-4860
35,521-389-3659
19,131-272-2094
33,109-759-6530
7,178-242-0946
19,734-980-9025
53,504-277-3617
4,862-490-0223
24,897-688-2657
35,241-882-8148
18,397-985-3440
22,516-630-9351
36,658-614-9876
44,114-843-0900
58,135-870-8789
43,262-947-7134
24,880-700-8734
1,629-735-5264
29,813-926-2153
2,139-344-2695
47,359-442-3403
9,516-987-0557
7,508-371-8619
8,499-846-9484
60,923-170-6059
35,937-661-1938
19,712-298-8254
42,363-689-0165
43,503-812-7833
27,245-225-6454
45,512-803-0126
20,882-886-2602
44,932-942-3976
45,189-187-2957
43,907-161-8544
33,443-271-6716
22,938-369-4813
39,335-396-1584
37,375-535-2516
35,261-960-8038
54,532-717-1920
52,494-929-2442
7,878-993-5184
28,494-342-7370
6,157-883-7306
32,650-854-5180
44,819-429-3423
58,385-469-0322
16,702-869-4019
32,873-376-4668
2,488-867-7817
58,336-144-0531
18,114-681-4508
40,448-929-0956
18,396-536-8669
4,161-202-8831
41,599-809-4944
55,454-573-2779
53,169-650-4456
21,348-740-3244
19,308-863-0588
19,720-581-5449
60,434-155-7760
23,455-939-6557
24,933-455-9368
24,863-108-5366
29,435-495-5365
33,186-509-7087
1,551-583-8971
3,130-890-8603
33,530-317-3113
16,907-418-8772
39,817-979-3854
58,116-267-5180
11,315-106-9559
26,773-406-4088
1,158-476-2856
36,608-938-5011
18,718-179-1620
54,647-447-6979
26,660-169-5986
4,988-907-5513
58,640-210-4537
58,549-775-9718
58,359-504-3109
19,819-678-3064
60,531-777-8187
16,866-151-4937
44,534-312-8235
55,854-350-1838
29,961-972-9840
39,645-355-5725
16,159-344-6714
60,854-230-2444
20,692-286-9183
8,719-839-2779
11,747-818-1797
45,436-129-2835
53,985-812-7151
40,138-989-2296
3,559-989-2156
32,406-275-0421
7,495-266-9010
22,658-661-8558
24,574-477-1018
2,730-208-3491
6,751-230-0776
39,627-431-9888
43,271-213-1495
2,690-241-9608
23,915-701-2525
27,784-481-8101
9,227-347-9799
33,736-238-4556
52,671-640-3138
1,798-958-7436
42,168-312-4369
33,429-842-3052
7,804-931-6652
47,407-402-1787
45,434-433-9126
44,615-657-2944
24,187-471-3458
28,846-666-2677
19,780-371-1517
29,485-543-9343
1,977-548-3188
33,656-297-2724
36,455-978-4411
37,530-460-2513
18,723-689-8270
43,149-276-4245
41,272-883-8030
35,645-563-5296
32,206-379-3929
35,977-886-9705
19,245-251-5559
21,462-241-1603
28,439-353-2766
58,832-760-2823
60,539-449-6245
52,280-468-6356
33,622-576-4665
39,856-668-5498
29,541-668-7754
19,409-637-2141
22,977-702-0410
53,662-900-4009
27,813-691-2445
32,254-413-2837
3,672-132-3145
58,520-247-4955
19,435-233-0040
33,368-858-0174
21,724-672-0430
40,671-358-6957
6,738-829-7242
1,640-281-5020
18,367-320-5900
60,701-429-2331
29,922-186-5341
8,236-444-9714
16,214-568-2987
41,528-195-3354
20,466-523-1609
32,760-482-2417
7,854-513-0640
58,222-334-9381
2,466-934-3442
7,828-118-3770
55,676-907-6049
9,442-430-7607
33,705-991-2930
39,246-383-4860
19,521-338-0003
45,802-527-6861
11,633-578-2074
24,951-944-4886
43,669-686-9620
44,201-444-9401
35,691-981-4589
45,445-172-6263
44,195-443-5960
18,991-122-8830
1,639-257-7941
24,963-365-9796
42,814-929-1369
43,880-694-4604
26,813-502-4452
37,126-964-9549
16,989-917-9856
23,594-911-7047
47,682-516-1485
36,447-534-3887
2,605-564-9471
4,829-197-9406
35,860-454-9069
54,861-573-9531
16,767-753-1809
19,758-665-4135
45,332-151-1920
52,371-405-1827
54,585-953-0368
60,239-773-3893
8,529-941-0529
33,261-891-4201
29,106-988-5975
42,509-548-8453
53,346-151-2143
2,399-166-7675
20,549-596-8892
41,857-779-0517
32,888-377-1916
1,178-438-5619
40,509-165-3799
27,693-229-3228
45,445-829-8336
26,659-518-5088
35,379-518-0551
7,511-855-5288
44,984-141-9695
36,376-113-3172
58,325-390-1605
28,304-378-4593
58,749-692-0275
3,340-876-3727
43,139-264-6148
24,552-187-3047
33,901-398-5783
55,854-964-1908
24,737-471-6794
39,671-691-6343
58,545-404-8566
39,420-203-2270
11,932-901-7207
7,668-719-4210
21,372-707-7351
32,696-675-0810
33,641-584-2768
37,197-435-1229
19,876-398-3468
23,191-634-7311
43,516-454-7160
2,644-816-4833
19,524-969-8593
16,194-235-6289
1,571-614-4809
18,223-112-7983
18,425-537-1545
60,106-579-3058
6,791-400-3091
9,805-884-7130
47,228-552-1233
22,442-274-1594
4,605-288-6238
44,526-707-0538
35,592-293-7060
29,610-466-0600
45,832-576-0330
35,665-858-6233
43,831-876-4694
11,539-288-3517
58,411-209-3109
35,119-282-8495
18,154-594-2653
36,597-521-9988
29,513-383-7567
39,796-469-3678
60,619-330-5140
7,465-173-4068
19,535-549-0597
2,800-916-3839
37,346-546-7957
60,425-362-4743
33,838-153-9910
32,319-703-7241
27,525-597-3334
24,972-460-0289
47,478-384-6513
54,504-833-6567
28,161-817-0805
18,570-270-9489
26,489-933-8053
1,126-983-3220
16,605-220-6822
24,439-217-3190
4,526-648-2232
45,493-302-5852
55,803-382-1222
58,878-146-1392
8,127-753-1099
33,952-365-2865
53,670-639-1185
58,277-353-4274
22,371-450-4229
1,750-588-1416
44,819-266-4353
29,247-469-9470
39,576-906-6373
7,815-828-6718
52,511-351-3352
41,840-389-7436
40,266-124-8811
3,173-416-0975
6,625-468-1967
19,964-976-6604
9,405-964-6807
44,455-329-4516
20,943-268-6939
23,672-743-1089
16,226-764-1103
2,795-457-9583
19,709-420-9400
21,169-819-6371
43,423-425-1527
42,557-607-5176
33,134-720-9801
32,351-922-9180
44,279-235-1627
52,604-754-4448
41,310-730-6287
39,450-179-3195
58,164-184-0741
20,741-384-4948
26,951-436-3953
21,145-364-3797
29,685-118-6132
33,749-207-1614
60,993-327-2719
23,620-997-4906
58,277-932-8613
24,661-167-3839
19,633-832-9572
32,633-271-8494
9,757-702-0011
43,502-176-6459
24,795-193-1770
28,329-559-1996
18,827-775-1542
2,235-420-1783
35,874-206-2399
1,587-389-5636
37,298-848-2433
43,655-273-7482
1,415-654-8336
19,504-720-0508
33,431-348-2839
58,754-445-0961
40,242-864-1144
7,749-344-4948
54,207-385-7195
22,741-520-9822
45,536-250-5700
8,697-928-1085
16,531-990-5848
33,973-129-2154
19,686-797-9221
60,455-590-3989
55,961-816-0530
27,492-802-7441
18,353-820-2363
3,841-127-2268
39,886-189-3897
2,751-153-8490
47,328-976-5307
29,108-861-6712
4,303-270-0373
36,644-281-9978
42,837-305-8127
32,444-988-9134
11,499-510-9223
53,298-927-5905
44,656-479-0842
7,582-343-5797
35,828-410-6201
16,760-258-2823
6,947-388-6017
45,388-718-0794
19,914-665-8497
7,247-347-8829
33,438-369-3557
36,601-857-3374
58,955-784-6822
8,567-306-2246
58,879-861-6214
42,204-832-5036
11,726-405-8873
7,792-119-6691
26,503-489-1165
21,965-368-9546
54,760-451-2169
43,829-713-2395
22,372-844-8149
2,394-198-3646
33,308-586-6719
3,515-991-7806
29,847-678-5237
39,840-984-5235
20,953-929-3055
24,559-499-2328
1,702-234-6704
1,791-670-6835
43,724-990-4596
18,757-355-5906
52,467-873-0262
29,670-278-7404
45,796-528-2744
32,730-694-4632
16,155-711-9962
9,225-437-3720
60,449-997-6014
18,125-242-4971
35,265-717-1178
55,786-431-2635
35,704-100-4124
45,114-368-1753
37,767-516-1323
19,462-915-5970
28,933-362-0264
